Marca temporal,"Escriba un frase corta con un elogio, máximo 5 palabras.","Escriba un frase corta en forma de pregunta, máximo 5 palabras.","Escriba un frase corta que sea diferente a las categorías anteriores, máximo 5 palabras","Escriba una frase que exprese un sentimiento positivo (algo que diría una persona feliz, alegre, sorprendida, solidaria, etc.)","Escriba una frase que exprese un sentimiento negativo (algo que diría una persona triste, enojada, decepcionada, una crítica negativa, etc.)",Escriba una frase que exprese un sentimiento neutral (ejemplo: el día de hoy a sido normal y no ha pasado nada)
8/06/2018 11:33:09,,,,"La canción que acaba de sacar Sia es muy buena, suena muy bien","La música de Maluma es realmente mala y sin sentido, no se como es que a las persona les gusta",Hoy es un día normal y tranquilo
8/06/2018 11:54:44,,,,Que bello día,Estoy enojado contigo,La biblioteca queda cerca del centro de la ciudad
8/06/2018 11:56:47,,,,La comida estuvo deliciosa ,Que día tan horrible para salir,Mi amiga y su madre salieron de compras
8/06/2018 11:58:41,,,,"Hoy sera un gran día, todo saldrá muy bien",No me gusta encontrarme la oficina sucia,La clase de ingles la dicta un profesor de Inglaterra
8/06/2018 12:00:37,,,,"Me gusta el cabello de mi novia, es hermosa",Este teléfono no sirve para nada,El perro de mi vecina es un pastor aleman
8/06/2018 12:02:22,,,,Adoro cocinar junto a mi familia cada sábado,"La película estuvo aburrido, que arrepentido estoy de ir al cine",Cada sábado voy al supermercado con mi esposo
8/06/2018 12:04:44,,,,"Te obsequio este regalo, gracias por ser una buena amiga",La vecina ya me tiene harto con su música ,La ciudad amaneció hoy sin tráfico
8/06/2018 12:06:52,,,,Amo llegar a casa y pasar tiempo con mi mascota,Odio levantarme temprano para ir al trabajo,La tienda abre en la tarde
8/06/2018 12:12:27,,,,"Se siente muy bien ayudar a los demás, especialmente a los más necesitados",Que fastidio las grandes colas que se hacen para usar el transporte,Este mes ha llovido todas las tardes
8/06/2018 12:37:38,,,,"Qué increible fue volver a ver un arcoiris de nuevo, fue hermoso",El problema con este gobierno es que roban y hacen todo mal,Los carros deben cuidarse para funcionar
8/06/2018 12:38:49,,,,"Cuando quieras hablar, llamame, tratare de hacerte feliz",Fue muy triste ver como su mascota estaba enferma y a punto de morir,El agua es vital para la existencia de la vida
8/06/2018 12:42:17,,,,Pronto voy a graduarme y mi mama esta muy contenta y emocionada,Nunca había visto una pelicula tan aburrida como esa,El cine ha evolucionado mucho en los ultimos años
8/06/2018 12:44:33,,,,"Fui a una entrevista de trabajo y lo logré, comienzo a trabajar muy pronto","No me fue nada bien en la entrevista, cometí muchos errores",Hace falta comprar hojas blancas en la oficina
8/06/2018 12:45:31,,,,Estoy seguro que mañana será un gran dia,"No pude comprar nada, todo esta muy caro, que dificil situación",Debemos comprar comida para la casa
8/06/2018 12:47:06,,,,Pude ayudar a los necesitados. Eso me hizo sentir muy bien y tranquilo,"No tengo tiempo de ayudar a nadie, no lo merecen",Tenemos que comenzar a recoger dinero para la comida
8/06/2018 12:50:20,,,,"Que comida tan rica la que me diste, eres un excelente cocinero!","La verdad que es no sabes cocinar, ya no lo hagas mas",Los aros de cebolla son un acompañante
8/06/2018 15:31:35,,,,"Me encanta escuchar música mientras estudio, me hace sentir tranquilo y contento","Hay personas a las que no les gusta escuchar música, que vidas tan tristes","Algunas personas aprenden a cantar, no nacen con esa habilidad"
8/06/2018 15:34:59,,,,"Mis compañeros de trabajo son excelentes personas, es sencillo trabajar con ellos",No me gusta trabajar con mis compañeros de la universidad porque es dificil y complicado,"Cuando voy a clase, siempre suelo subir en autobus"
8/06/2018 15:37:36,,,,"Reuni dinero suficiente para comprarme ropa, no puedo estar mas emocionado",Que rabia siento porque se rompio una de mis llaves y no puedo entrar a mi casa,Yo naci en una ciudad muy pequeña donde hay mucha gente
8/06/2018 15:40:48,,,,Acabo de terminar un libro que me encantó pues me hizo sentir emocionado en cada página,Mi equipo perdió el partido y ahora todos se burlan de mi,Tengo una cita con el médico dentro de algunas semanas
8/06/2018 15:49:17,,,,Nunca pensé que llegaría a ser tan feliz como ahora lo soy contigo. Mi vida es mucho mejor gracias a ti,He intentado comunicarme con mi mama por horas y no lo he logrado gracias a la ineficiencia de las compañias de telecomunicaciones del pais ,"Cuando llegue a mi casa, debo limpiar y hacer mis tareas antes de irme a dormir"
8/06/2018 15:53:32,,,,El placer y la tranquilidad de ver el sol salir y esconderse es increíble,Nunca había estado tan decepcionado de una persona en toda mi vida,Tal parece que el sol está a punto de salir
8/06/2018 16:07:39,,,,Muy de acuerdo con el artículo. Siempre es motivador leer sabias reflexiones. Templan el ánimo y fortalecen el alma. Gracias,Esa persona ha cometido muchos delitos graves y aun no ha pagado por todo lo malo que ha hecho,La arepa forma parte del desayuno de todos los venezolanos
8/06/2018 16:10:17,,,,"Estoy totalmente de acuerdo con él, estás haciendo muchas aportaciones a la humanidad, son aportaciones que aportan al crecimiento de quien las lee. ¡Gracias!","No aportas nada con todo lo que dices, creo que deberías quedarte callado y comenzar a pensar antes de hablar",La mesa en la que trabajo es de color gris y de tamaño normal
8/06/2018 16:12:29,,,,"Git es una herramienta genial, hace que la vida de los desarrolladores sea más sencilla. ¡Qué grande eres, Linus Torvalds! ","Microsoft no hace nada bueno, todo su software es de mala calidad. Cuando entenderán que nadie quiere sus productos","Mi mama fue a comprar cafe y algunos víveres, quizá tarde un poco"
8/06/2018 16:35:03,,,,"Esa es una forma inteligente de analizar las cosas, cuando nos equivocamos solo debemos aceptarlo y continuar. Es verlo como aprendizaje.","No entiendo por que tienes que comportarte de esa manera, se supone que eres una persona madura, ¡reacciona!",Debes escribir un reporte de matemáticas para la próxima semana con todos los requerimientos que te di
8/06/2018 16:39:00,,,,"Te agradezco muchísimo todos tus textos, son muy buenos, a mi me han ayudado mucho. Es una literatura de muy alto nivel. He aprendido mucho con todo lo que me has enseñado","Los textos que escribes no tienen ningún sentido. Mis estudiantes dicen que no aprenden nada al leerlos. Lo siento, pero eres un mal escritor",Mis compañeros compraron algunas cosas por internet el día de ayer
8/06/2018 16:42:44,,,,"Excelente comentario. Me ayudas a quererme y a valorarme más, pues quiero vivir disfrutando de la vida","Es lamentable, que la discriminación llegue a afectar a una persona tanto que hasta se llegue a quitar la vida",Mis tíos comenzaron a vender hamburguesas en la esquina de su casa
8/06/2018 16:55:38,,,,Un pequeño cambio positivo puede cambiar tu día entero o tu vida entera,Que triste que aún exista el racismo y la discriminación en el mundo. Que negativo es todo esto,Ayer estuvimos estudiando todo el día mi casa
8/06/2018 16:58:47,,,,Es algo maravilloso ser optimista. Te mantiene sano y resiliente,Es algo decepcionante conocer a alguien y que esa persona sea tan negativa y pesimista,Existen muchas personas en el mundo que cantan en la ducha y otros que lo hacen en la cocina
8/06/2018 22:28:44,,,,"Es tan corto el amor, y tan largo el olvido.","Creo que voy a hacer el ridículo si hablo en público, notarán que estoy nervioso.",El día a estado muy nublado pero no ha llovido nada.
8/06/2018 22:54:02,,,,"Que felicidad, mi hijo ya es Ingeniero.",Que dolor siento al ver a mi país en tan malas condiciones.,"Confiar en ti mismo no garantiza el éxito, pero no hacerlo garantiza el fracaso. "
8/06/2018 23:20:14,,,,Lo mejor de mi vida son mis hijos,No lo conseguiré si no me ayudas,"No todos los ojos cerrados duermen, ni todos los ojos abiertos ven "
9/06/2018 8:09:29,,,,Que hermoso es mirar al Cielo y recordar a esa persona que ya no está.,No hay nada más difícil que olvidar algo que un día nos hizo feliz.,Tal vez tu amor no es tan grande como creías.
9/06/2018 8:13:27,,,,Mi familia son los que hacen que todo valga la pena.,"Permanecer encerrado en una emoción tóxica no nos permitirá seguir viviendo, aprender y mejorar como personas.","Esperas un mensaje de esa persona, y no te escribe."
9/06/2018 8:16:56,,,,Hoy desperté con muy buen humor.,Todo lo que hago me sale mal.,Los sentimientos van y vienen como las nubes en un cielo ventoso.
9/06/2018 8:21:02,,,,"Que bueno, me han invitado a comer. ","Si pienso en la muerte, puedo tener más probabilidades de morir.","Si no suma, que no reste."
9/06/2018 8:24:15,,,," Si cuando amo soy feliz, entonces eres mi felicidad.",Las emociones fuera de control pueden transformar en estúpidas a personas inteligentes.,"En palabras simples y comunes: yo te extraño, en lenguaje terrenal, mi vida eres tú."
9/06/2018 8:26:42,,,,"Estoy feliz, me he encontrado con una amiga que hacía tiempo no veía.",Soy un desastre en la cocina.,"La sangre sólo hace parientes, el amor hace familia."
9/06/2018 8:29:08,,,,"Dios es amor, por eso lo amo.",La soledad y el sentimiento de ser rechazado es la pobreza más terrible.,"No siempre se calla para guardar silencio, se calla para conservar la paz."
9/06/2018 8:32:04,,,,Una actitud positiva puede hacer que los sueños se hagan realidad.,"No sabes hacer nada, eres un desastre.","Todo es cuestión de tiempo, sólo aprende a esperar."
9/06/2018 11:16:08,,,,"No sabes lo orgulloso que me siento de ti, te amo hijo",Estoy convencido que no te va a ir bien.,"Hoy no puedo ir al trabajo porque no hay paso, total, iré mañana."
9/06/2018 11:19:24,,,,"No hay otro amor como el amor de un hermano, te quiero. ","Mañana voy a salir a buscar trabajo, pero como está la situación, seguro no encuentro nada.","Creo que hacer empanadas de queso es muy fácil, no se requieren mayores destrezas."
9/06/2018 11:22:37,,,,"Cuando Dios soluciona mis problemas, tengo fe en sus habilidades y me siento feliz por eso.",No haces nunca lo que te pido.,"No me gusta lo que está pasando con los precios, pero igual hay que comprar los artículos."
9/06/2018 11:28:56,,,,"Quizás no me he explicado bien, te piudo disculpas.","No hay nada que hacer, todo está perdido.",Cada día aumenta la migración de venezolanos y nadie dice ni hace nada. 
9/06/2018 11:32:50,,,,"Quizás no me he explicado bien, te pido disculpas.","Eres un desastre, te compadezco.","De verdad no me gusta lo que estás haciendo, deberías cambiar de parecer."
9/06/2018 11:36:51,,,,Cuando quieras ser amado con todo necesitas amar con la misma fuerza que respiras y con el mismo gozo que ríes.,"No vale la pena seguir aquí, yo mejor me voy del país.","Me conformo con lo me pagaron por el proyecto que realicé, está bien así. "
9/06/2018 12:25:33,,,,La amistad es un alma que habita en dos cuerpos; un corazón que habita en dos almas.,Me caen mal esas personas que cambian la personalidad cuando se juntan con otras personas.,"Todo pasa por algo, pero lo que no pasa, también es por algo."
9/06/2018 12:28:50,,,,Que bonito es que te tomen de las mano y te devuelvan la calma cuando crees que ya no hay salida. ,No hay peor decepción que te mientan cuando ya sabes la verdad.,"No estoy molesta o enojada, solo estoy cansada de dar más de los que recibo."
9/06/2018 12:31:59,,,,"No eres nada del otro  mundo, eres los mejor de este.","Por tu forma de actuar mal , nunca llegarás a ningún sitio.","El amanecer es un espectáculo hermoso y, sin embargo, la mayor parte de la audiencia duerme todavía."
9/06/2018 12:45:41,,,,"Una persona positiva convierte sus problemas en retos, nunca en obstáculos.","Parece enfadada, seguro que es por mi culpa.","Dicen que yo no demuestro mis sentimientos, pero estoy lleno de ellos."
9/06/2018 16:30:29,,,,"Estoy muy emocionado de comenzar clases, no puedo con la espera","Odio las largas colas del supermercado, son muy cansadas","A la venta accesorios de motos y automóviles, interesados preguntar"
9/06/2018 16:33:10,,,,"Me gusta el olor de la rama recién cortada, pequeños placeres que alegran la vida","Me disgusta la gente que habla a mis espaldas, deberían tener el valor de decirlo de frente","Anoche llovió toda la noche, las carretera debe seguir llena de agua"
9/06/2018 16:36:36,,,,"Me encantan las donas, las tortas, las merengadas ¡Todo lo que sea dulce! ","Que fastidio cuando mis padres me regañan, como si nunca hubiesen tenido mi edad",El cometa halley es un cometa que pasa por la tierra cada 75 años apróximadamente
9/06/2018 16:37:59,,,,"Me divierten ver las caricaturas animadas, podría hacerlo todo el día","Es la quinta vez que se me la luz hoy, ya estoy harto de esta situación","La copa del mundo de fútbol se jugará este año en Rusia, 32 países participarán"
9/06/2018 16:40:38,,,,"Me gusta como huele mi novia, es una mezcla de chocolate con rosas","Que pereza tener que levantarme mañana a las 6, ya quiero terminar clases",La hallaca es una plato que prepara todos los años mi familia en la época de navidad
9/06/2018 16:55:41,,,,Las manos tan pequeña de mi bebé son la cosa más linda que veré en toda mi vida,"Mi tía favorita falleció ayer, tuvo un accidente de carro no muy grave pero no lo soportó por su avanzada edad",Para llegar a la plaza Bolivar solo debes seguir recto y cruzar en la esquina
9/06/2018 17:11:33,,,,"Me calma ver el atardecer, es algo magnífico","Odio cuando mi novio me ignora por andar con sus amigos, me hace sentir la persona más insignificante del mundo","El anterior campeón de la copa del mundo fue Alemania, le ganó a Argentina en la final"
9/06/2018 17:13:47,,,,"Ayer mis padres me realizaron una fiesta sorpresa con todos mis amigos, fue lo máximo","Me caí de la moto y me rompí 3 costillas, en estos momentos estoy en la sala de urgencias","La fórmula 1 es un deporte automovilístico, en simple palabras una carrera"
9/06/2018 17:18:15,,,,"Tu sonrisa es la única razón por la que me levanto todos los días, en serio no sé que haría sin ti","Perdí a mi bebé al caer de las escaleras y rodar por ellas, me siento horrible","La pesca es un deporte muy practicado en pueblos costeros, en algunos lugares es considerado como deporte"
9/06/2018 17:20:19,,,,Que día tan hermoso!. Hay que aprovecharlo,Todo lo que haces esta mal. Tienes que cambiar,la clase de hoy estuvo normal
9/06/2018 17:22:07,,,,El señor se ganó la lotería y compro una casa para toda su familia,"Cuando mi primo corrió para escapar, tropezó y se rompió una pierna. Debe estar muy adolorido",Ayer escuche una version nueva de la canción que siempre suena en ese lugar
9/06/2018 17:23:27,,,,Hoy mas que nuncs me siento feliz de estar contigo,Hasta cuando tengo que soportarte con tu desorden?,Tuve un día de trabajo nornnal 
9/06/2018 17:25:29,,,,El primer trago de café en la mañana es uno de los placeres más bonitos de la vida,Ayer fui a comer con mis amigos y la comida me hizo sentir muy mal,Hoy vi unos pantalones en el centro comercial que no veía en mucho tiempo
9/06/2018 17:25:30,,,,"La felicidad es la acción o efecto de hacer feliz en algo, para mi la felicidad eres tu",A veces siento que nadie me entiende que a nadie le intereso,"Las lluvias de invierno suelen ser muy frías, hay que usar varios abrigos"
9/06/2018 17:28:23,,,,"Hoy escuché mi canción favorita de nuevo, ¡que genial fue eso!","No tengo ganas de llenar esta encuesta, es tan aburrido","Estoy llenando una encuesta, pero solo las últimas tres preguntas"
9/06/2018 17:30:36,,,,Hacer este proyecto es tan divertido como el del semestre pasado,"Estuve buscando datos para ese proyecto y fue una pesadilla, quiero que esto termine ya",Estoy haciendo un proyecto para una de mis últimas materias de la universidad
9/06/2018 17:31:02,,,,Me gustaría poder tener mucho dinero y poder mantener a toda mi familia,"Soy un pobre chico, nadie me ha amado","Fácil viene, fácil se va eso siempre me dijo mi madre"
9/06/2018 17:33:16,,,,Me gusta las galletas con chocolate y más si vienen con leche a un lado,"Que fastidio con esas personas que siempre buscan hacerte daño, no debería ser","Tengo sueño, debería acostarme a dormir ya para poder pararme mañana temprano"
9/06/2018 17:34:25,,,,Estoy ayudando a mi primo a recoger datos para su proyecto porque lo quiero mucho,"No quiero hacer nada hoy, estoy tan aburrido y tengo pereza",Los jóvenes de hoy en día juegan muchos juegos de video
9/06/2018 17:34:59,,,,No hay nada que me guste más que una carne en vara y unas cervezas con amigos,"Ayer me pasé de copas y me levanté con una resaca muy grande, no me quiero parar de la cama",Ir a misa todos los domingos es una obligación de todos los cristianos
9/06/2018 17:35:58,,,,Siempre vale la pena el esfuerzo cuando lo que haces ayuda a los demás,Nada me motiva para terminar esta tarea porque no vale la pena el esfuerzo,Un amigo compró pinturas para pintar un cuadro para su casa
9/06/2018 17:37:54,,,,"Nos tenemos el uno al otro y mientras estemos juntos, seremos felices","Cuando necesites ayuda, no me busques, eres una mala persona y no quiero nada contigo",Algunas personas buscan hoteles en una aplicación o en una página web
9/06/2018 17:37:59,,,,"Quisiera darte el mundo entero, la luna, el cielo, el sol y el mar","Si yo busqué dolor lo conseguí, no eres la persona que pensé, que creí, que pedí.","Bienvenidos al hotel california, pase adelante, ya los atenderemos"
9/06/2018 17:40:00,,,,"Quisiera hacerte un gran poema, usar el cielo de papel","Mientes, me haces daño y luego te arrepientes, ya no tiene caso que lo intentes","Los lentes de sol es una buena herramienta para cuidar tus ojos, en especial los días de calor"
9/06/2018 17:40:34,,,,"El baile es una forma de que las personas se distraigan, se relajen y sean felices","Odio bailar cuando hay muchas personas en una fiesta, es tan incómodo",Bailar es una actividad que también se considera deportiva
9/06/2018 17:41:43,Que bello eres,¿Estas seguro de ello?,Puedes hacerme el favor de ir,Que exitooooo gracias a Dios... felicidades,El coño de tu madre ,Así son las cosas
9/06/2018 17:44:50,,,,Lo que siento por ti es tan grande que quiero pasar el resto de mi vida contigo,"No suelo odiar a nadie, pero a ti de odio y te detesto por todas las cosas malas que le has hecho a tu gente",Esta pregunta que estoy respondiendo es obligatoria en el formulario
9/06/2018 17:45:39,,,,Quisiera ser un súper héroe y  protegerte contra el mal,Aléjate de mi y hazlo pronto antes de que te mienta,Mi abuela por parte de mi padre es el pariente de mayor edad vivo que posee mi familia 
9/06/2018 17:47:31,,,,"Hoy jugaremos después de terminar el proyecto, este si va a ser un buen día",Creo que eres una de las personas más inútiles que he conocido,"Cuando el sol sale, las personas se levantan y van a trabajar"
9/06/2018 17:57:32,,,,"Cuando estás con las personas que amas, toda la vida se hace más sencilla","Vivir escondiéndote es de lo mas difícil que puedes vivir, pues prácticamente estas solo",Algunas personas se van del país porque van a estudiar en universidades extranjeras
9/06/2018 18:14:38,,,,Todo saldrá de maravilla,Que triste lo que estamos pasando ,Que nulo tu comentario
9/06/2018 18:46:28,,,,"He tenido un excelente día en el trabajo, obtuve un ascenso","Mis compañeros me envidian, porque yo soy mejor que todos ellos",El perro de mi vecina se llama Neron
9/06/2018 18:46:37,,,,"He tenido un excelente día en el trabajo, obtuve un ascenso","Mis compañeros me envidian, porque yo soy mejor que todos ellos",El perro de mi vecina se llama Neron
9/06/2018 18:57:58,,,,La película de walle es fácilmente la película más linda de toda la historia,"Creo que mi madre tiene cáncer, aún no es confirmado pero se deben hacer pruebas",La cerveza es una bebida gaseosa en base a la cebada 
9/06/2018 19:11:06,,,,"Venezuela, en algún momento, volverá a resurgir y será el país grande y exitoso que fue antes. Volveremos a ver la luz del día en nuestro país","Los transportistas venezolanos, están recogiendo lo que sembraron por todos estos años, haber sido un sector arrodillado y vendido al régimen, han sido pulverizados",Venezuela es un país que actualmente vive una situación controversial para todos
9/06/2018 19:13:28,,,,Los niños aman ver a sus padres ser felices y eso los ayuda a crecer siendo personas de bien,"Están matando a sangre fría a las personas en Nicaragua, van mas de 135 muertos","Normalmente, tengo clase todas las mañanas y trabajo por las tardes"
9/06/2018 19:20:53,,,,Sería muy divertido ser un pez para nadar océano azul.,"Hoy compré una leche la cuál estaba caducada, tuve que comprar otra",Los sistemas expertos son parte importante de la inteligencia artificial 
9/06/2018 19:22:41,,,,"Imagina que estas en una playa, sentado en la arena con un trago en la mano mientras el agua roza tus pies, se siente bien, ¿cierto?","La nieve solo hace que me caiga mientras camino, es por eso que no me gusta el invierno","Mi prima se mudó a Argentina y tuvo que comprar abrigos, pues llegó durante el invierno"
9/06/2018 19:45:30,,,,Me gustaría poder viajar a la luna para poder ver el planeta tierra desde allá,La muerte de mi perro fue la peor experiencia que he tenido en mi vida ,Comprar dolares es un acto ilícito en la república bolivariana de Venezuela 
9/06/2018 19:58:50,,,,"Los gatos son muy adorables, especialmente cuando juegan con sus paticas","El calabacín es un vegetal que realmente me desagrada, no puedo comerlo","Hola Carlos y compañeros, eso es correcto, la entrega será el miércoles 20"
9/06/2018 20:23:16,,,,"Me gusta leer libros, la poesía es maravillosa",Estoy cansado de este gobierno y sus políticas absurdas,El metro es un sistema de transporte económico
9/06/2018 20:31:15,,,,"La vida es bella y es una sola, hay que aprovecharla ","La situación actual complica a todo el mundo, ya no se puede vivir",La carne es uno de los alimentos principales para la mantener una vida saludable 
9/06/2018 21:09:43,,,,"Eres una persona muy hermosa, tu belleza supera los límites de la belleza humana","Cuando nadie quiere hablar contigo, es porque de verdad estás haciendo algo mal","Cuando voy a trabajar, tomo rutas diferentes cada día"
9/06/2018 21:15:20,,,,"Cuando te sientes bien con tu trabajo, es cuando contraste tu trabajo ideal","El trabajo que tengo actualmente me hace estar estresado todo el día, esto no es para mi",Mañana tengo que ir al trabajo temprano para realizar algunas tareas importantes
9/06/2018 21:18:53,,,,"Mañana me iré de vacaciones ala playa con mi familia, mis hijos están emocionados por llegar","Mi amigo piensa que traer hijos al mundo es algo inhumano, pues solo vienen a sufrir y pasar tiempos difíciles.",Necesito escribir una canción para contar una historia que tengo en mi cabeza
9/06/2018 21:21:19,,,,"Tengo que vivir mi vida al máximo, disfrutar de cada segundo y de la compañía de las personas que amo","En Venezuela hay muchos problemas con los servicios públicos, nunca sirve nada",Los servicios públicos deben pagarse mensualmente
9/06/2018 21:27:33,,,,Con constancia se pueden alcanzar todas las metas,"Todo esta demasiado caro, odio este país",Harry potter es una serie de libros compuestos por 7 tomos
9/06/2018 21:28:43,,,,"La comida estuvo deliciosa, adoro tu café ","El almuerzo no me gusto, la comida estaba simple, sin sabor",El día de hoy a sido normal y no ha pasado nada
9/06/2018 21:57:25,,,,"Me encanta cantar y bailar, algún día seré un artista profesional, lo se","Ya estoy cansado de sentir que hablo solo, nunca me prestas atención","A veces cuando no tengo nada que hacer, compro comida y veo televisión"
9/06/2018 22:44:53,,,,"Acabo de disfrutar de una comida deliciosa, realmente quedé satisfecho","La comida de hoy me cayó mal, espero que no me enferme el estómago",La cena es considerado por mucho uno de las comidas más importantes del día
9/06/2018 23:51:24,,,,"Esa es mi canción favorita, el dj si que supo escogerla","El amor no es para todos, lástima más de lo que ayuda","Si sigues recto te conseguirás con una calle ciega,de ahí a la izquierda "
10/06/2018 0:11:22,,,,Por fin luego de tanto ahorrar me pude comprar el celular que tanto quería,La siembra de maíz se perdió por lo mal que estuvo el clima esta temporada,El bulto de maíz se venda más que el bulto de yuca en esta época
10/06/2018 0:44:57,,,,"Los murciélagos me gustan mucho, siento que tienen algo siniestro que me agrada",La vida es una serie de baches y a veces un bache te tumba y no te deja pararte,"Los bancos suelen tener un índice muy alto de colas, pero depende principalmente de la entidad en la que se este"
10/06/2018 0:47:29,,,,Las galletas de mi abuela pueden ser fácilmente las mejores galletas de la historia,Al año mueren más de 100 manatíes por culpa de la basura arrojada al océano,Los sticker de telegram son un medio de comunicación más expresivo que las palaras
10/06/2018 2:08:23,,,,"Podemos tener una vida plena si somos considerados, cuidamos el planeta y ayudamos a los más necesitados","Los gobiernos no deben malgastar los recursos y ayudar a los pobres, no tiene sentido",Hoy voy a arreglar una computadora que me encargaron desde hace varias semanas
10/06/2018 2:13:36,,,,"Que sorpresa fue volver a verla de nuevo, que sensación tan increíble",Estuvimos sin agua durante varios días. Que días tan terribles y miserables,Se me quedo un bolso en la casa de mi amigo cuando fui a visitarlo
10/06/2018 2:20:14,,,,"Los fuegos artificiales hacen vibrar mi cuerpo, es una sensación única",La sensación de vacío que te da al momento de fallar es una sensación muy desagradable,Los vectores en matemáticas es algo que aún no logro a entender en su totalidad 
10/06/2018 2:21:08,,,,"Cuando leo libros me siento lleno y relajado, es mi manera de sentirme bien conmigo mismo","Cuando llueve, lo que más me molesta es que los carros anden muy rápido y me mojen",Fui al médico de los ojos y me recomendó cambiar mis lentes
10/06/2018 2:22:05,,,,El amor que siento por mi madre es algo que no se puede comparar a nada ,El vacío que me dio al sentir a mi madre partir luego de sus 89 años fue algo devastador,Los perros son animales muy nobles que por lo general son muy apegados a sus dueños
10/06/2018 2:22:28,,,,"Confío en tus capacidades y se que podrás lograr todo lo que te propones, solo confía en ti mismo","No creo que puedas terminar la tarea a tiempo, mejor acepta que ya no tienes tiempo suficiente y vete a dormir",Ayer entregué un reporte de matemáticas a la profesora
10/06/2018 2:23:41,,,,Amor sentir el calor del sol en la mañana cuando el día está frio,"Desgraciadamente, muchas familias sen han separado por temas políticos",Están construyendo un nuevo centro comercial en el centro de la ciudad
10/06/2018 2:23:41,,,,"Mi mascota favorita ""dobby"" siempre fue un gato que me acompañó en buenas y malas épocas",Sinceramente la muerte de mi pez Diego es algo que me tomó por sorpresa y que aún me duele,Los caballos son animales salvajes domesticados al punto de ser animales caseros
10/06/2018 2:24:50,,,,"Cuando me siento a trabajar, me gusta tomarme una rica taza de café","Soy de esas personas que no pueden levantarse temprano, me da mucha pereza",Tengo que terminar de llenar unas cuantas encuestas más
10/06/2018 2:25:13,,,,Por fin luego de tanto trabajar gané el ascenso que tanto espere en la empresa,Hoy nuestros jefes decidieron que la empresa no daba para más y decidieron cerrarla,El día a día en el trabajo es algo que cualquier persona que considere trabajar en esta empresa debe pensar
10/06/2018 2:26:00,,,,"Se que algún día visitaremos la ciudad de nuestros sueños, con mucho esfuerzo y dedicación lo lograremos","Jamás iría a una ciudad tan cochina como Maracaibo, su gente también es horrible",Mi prima vive en una ciudad pequeña del norte donde hay animales de granja
10/06/2018 2:26:48,,,,"Aún recuerdo la primera vez que probé un helado, es algo que nunca olvidaré",La última vez que estuve solo me sentí tan mal que pensé en acabar con mi vida,El helado es un postre frío que contiene grandes beneficios para el ser humano
10/06/2018 2:27:38,,,,"Mi prima se fue del país con muchos sueños en su interior, sabiendo que los alcanzará todos y cada uno de ellos",Mi primo emigró porque sabía que ya no podía sobrevivir en este país que está pasando por una situación parecida a la guerra,Dentro de unos días se celebra el día de todos los santos en aquel país del norte
10/06/2018 2:29:00,,,,Las caricias de mi madre es algo que siempre añoro cuando es invierno,El examen de ayer fue una prueba que no pude pasar por más que lo intentase ,El profesor Garcia es el docente encargado de dar las clases del área de las ciencias
10/06/2018 2:29:47,,,,Un buen cono de helado es todo lo que se necesita después de un día de trabajo,Las drogas se están volviendo un problema muy serio en todo el mundo,En el mundo hay personas de diferentes etnias y culturas
10/06/2018 2:31:08,,,,"Tu eres el amor de mi vida, la persona que pone mi vida en el carril correcto","El choqué en carro de ayer causó 3 muertes y 10 lesionados, yo fui el causante de ese choque ",Los choques en Europa central por alcoholismo son aproximadamente cada 3 meses  
10/06/2018 2:33:30,,,,Cuando salgo a tomar con mis amigos nos divertimos muchos en todos los lugares que visitamos,"Fui al campo y la pasé muy mal, me picaron los mosquitos y me hicieron sentir mal",En el campo que visité hay animales de todo tipo
10/06/2018 2:34:20,,,,A veces canto con tanta fuerza y alegría que mi perro coco aúlla conmigo ,"Suelo extrañar la compañía de mi Diego, él si me entendía, me amaba",¿Por qué a veces la luna se pinta de naranja en el cielo y a veces no?
10/06/2018 2:35:56,,,,"Recuerda que todos tus seres queridos te aman y esperan que tengas éxito en tu vida, si se puede!","Las personas de nuestro país no tienen qué comer, están sufriendo para llevar comida a la mesa de sus familias","Existen libros para niños, para adultos, para jóvenes e incluso para todos"
10/06/2018 2:36:04,,,,Quisiera poder volar muy alto y así poder bajarte una estrella solo para ti,Tengo miedo a que un día al comer muera afixiado por la comida,El porcentaje de perros que le gusta jugar con us frebee es mayor a la que no le gusta
17/06/2018 14:29:26,,,,"Las canciones de antes hablaban de amor, paz, baile y alegría. Pasábamos noches enteras bailando, felices y con ganas de vivir","Hoy en día la música solo tiene temáticas horribles y groseras, por eso las generaciones actuales están llenas de antisociales, adictos y enfermizos ",La música tiene letras y ritmos de todo tipo
21/04/2018 14:18:49,me caes muy bien,cómo vas con la tesis?,tengo mucha hambre,Me siento muy afortunado de tenerte aquí justo a mi lado,Odio a aquellos profesores que creen sabérselas todas y son muy malos dando clases,El día de hoy se puede ir a hacer compras en el supermercado sin hacer mucha cola
21/04/2018 15:21:13,Tú eres excelente,¿Cómo lo haces?,La despertad del sueño ,"Hoy quiero conquistar el mundo, tengo mucha energía y entusiasmo para hacerlo","Ya no vale la pena seguir intentando, puesto que no lo entenderán","Es un día normal, cómo cualquier otro para empezar de nuevo"
21/04/2018 15:22:23,Eres preciosa,¿Qué queres?,Eso me interesa,"La humanidad tiende siempre hacia el progreso, y aunque la mayoría de la gente dude de ello cada día estamos un poco mejor que el anterior.","Argentina lleva 70 años de decadencia, pasamos de ser de las 10 naciones más ricas del mundo a ser un país tercermundista más. ",La formula resolvente es menos b más menos raiz de b al cuadrado menos 4 por a por c todo sobre dos por a.
21/04/2018 15:58:34,tan bello como el sol,tienes hambre ?,unico asi es nuestro amor,No dejare morir el resplandor que brota de mi alma,"Si no estas a mi lado la tristeza llena mi corazon, soltando una extraña risa cuando sola yo estoy","No importa lo bueno o lo malo, si hace frio o calor ... Lo que importa es que aqui estoy"
21/04/2018 17:42:06,Tu ayuda me es útil,¿Ya llegó el agua?,Estuve pensando mucho que responder,"Mejor temprano que tarde, mejor tarde que nunca",Cualquier cosa hecha es inútil comparado al tamaño del universo,El poder se obtiene por la acción no por méritos
21/04/2018 19:57:56,Eres una persona execional ,¿me lo dices a mi?,Que divertido,"Todos tus sueños se volverán realidad, solo ten de en ti mismo",Eres la peor persona que allá conocido jamás en la vida,"Como te vaya me da igual, no me vengas a buscar"
21/04/2018 19:58:22,Eres magia ,Cual es tu comida favorita?,Los amaneceres son lo máximo,Si lo puedes imaginar lo puedes manifestar ,Hay que conformarse con lo que sucede,Todo en la vida tiene un lado bueno y malo 
21/04/2018 20:09:01,Qué lindos ojos tienes. ,¿Qué hiciste hoy? ,Hoy vi una película. ,Qué hermoso día. ,Qué asco de día. ,Todo está normal. 
21/04/2018 20:13:12,Hoy en un lindo día ,¿Estás bien?,Mereces lo que sueñas ,Hoy es un Buen Día para hacer lo que amas ,Me da rabia que las personas juzguen sin bases previas ,Hoy comí pasta que preparó mi mama y mi perro se comió una parte 
21/04/2018 20:14:45,la ULA es lo maximo ,algun dia nos graduaremos?,me gusta mi carrera!!,la chica que me gusta es de la facultad de ciencias,que fastidio todo lo que pasa en el pais ,no se como sentirme con las elecciones venideras 
21/04/2018 20:16:11,Eres inteligente,Te pasa algo,La cocina está limpia,Todo saldrá bien,Todo saldrá mal,No existen los sentimientos neutrales
21/04/2018 20:19:46,Que música te guata? ,Como se llama tu amigo? ,Tienes auto? ,"Hola,  que tengas un muy lindo día en tu trabajo ",Nadie te pidió que hablaras ,Que opinas sobre el conflicto en siria? 
21/04/2018 20:33:57,Eres muy especial ,Como estas hoy?,Es bueno hacer ejercicio,"Siempre puedes lograr tus metas si empleas el tiempo y esfuerzo  necesario para alcanzarlas, y piensas de manera positiva...","La tristeza es un sentimiento humano, a veces es difícil de superar, a  pesar de intentarlo.","A veces las cosas pasan porque simplemente así es la vida, no es bueno  ni malo, solo es algo que ocurre ."
21/04/2018 20:41:13,"la curva más hermosa, tu sonrisa",y si te quedas por siempre?,mi felicidad esta en un helado,mañana será mucho mejor si todos nos llenamos de esperanza,"si nuestro esfuerzo es en vano, de nada valió la pena luchar",vamos a recorrer la carretera viendo las nubes moverse a nuestro lado.
21/04/2018 20:43:50,Eres una persona muy pura,Te gusta la comida?,Me gustaria conocer el mundo,Me siento muy bien cuando conozco personas nuevas y divertidas ,No me gusta el chocolate ni ningún tipo de comida dulce ,Me siento satisfecho cuando realizo por completo mis actividades y deberes
21/04/2018 20:45:41,Me gusta tu andar despacio,como te has sentido después del medicamento?,He estado bastante nostalgica estos ultimos días,"cada vez que te sientas desolado, toma un respiro , reemplantea sobre lo que se trata la vida, y sigue!",ultimanente has estado demasiado enfadado si sigues así la ira te dominara,"has tenido muchos logros esta semana, no te desalientes pero tampoco te confies"
21/04/2018 20:49:33,Eres una persona muy pura ,¿Te gusta mucho la musica?,No me gusta bailar salsa,Me siento muy bien cuando conozco gente nueva y divertida ,No me cae bien la gente que no le gusta el chocolate ,Me siento satisfecha cuando realizo completamente todas mis actividades y deberes 
21/04/2018 20:56:34,estas muy bella ,estas bien?,no estoy,soy feliz comigo mismo ,no sali bien en mi examen ,"esta bien, no hay problema"
21/04/2018 20:57:14,Eres muy organizado,Donde iras esta noche,me encanta el helado,la solidaridad consiste en el apoyo y la aceptación de quienes queremos ,"La envidia es el sentimiento mas oscuro del ser humano, pues lo guarda con recelo",El respeto envuelve la prudencia en el actuar y el hablar 
21/04/2018 20:58:14,Dios nos ama a todos,te amas a ti mismo?,ama cada dia es una oportunidad,Debemos ayudarnos unos a los otros sin esperar nada a cambio,No permitas que una persona tóxica influya en ti.,La felicidad depende de tu actitud. Eso depende de ti
21/04/2018 21:24:40,Te felicito por tu conocimiento,Que es el verdadero amor,En su presencia hay plenitud ,Dios tiene el control de todo y tiene un plan perfecto en el cual Venezuela vera su gloria ,No pueden avanzar por que sus mentes estan contaminadas y llenas de maldad,Si todo te da igual estas haciendo las cuentas mal 
21/04/2018 21:49:47,Esa ropa te queda perfecto,¿Te sientes bien?,La películo duró dos horas,Me pongo alegre cuando bailo,Me enfado cuando alguien golpea a otra persona,No pasa nada cuando alguien no te habla
21/04/2018 21:52:27,Eres muy inteligente,¿Cómo te llamas?,Estaba de camino a casa,Caminado por la calle me alegré mucho al verte hoy,Como odio ver la destrucción que ha causado el gobierno en este país,Camino a casa me tropece con un arbor muy grande
21/04/2018 22:05:08,Que hermosura,Que haces ?,La locura,La vida hay que vivirla y no dejarla pasar,Eres lo peor que le ha pasado a mi vida,Parece que eso sera lo que va pasar
21/04/2018 22:30:02,¡Eres fantástica!,¿Estás preparado?,Siempre amanece,"Eventualmente todo en la vida tiene sentido, todo se conecta, y en ese momento entiendes el por qué de todo. ",Hay días en los que no siento la esperanza de siempre con respecto a nuestro país,"El calentamiento global amenaza nuestras ciudades y poblaciones rurales, y aún muchos gobiernos y ciudadanos niegan su existencia."
21/04/2018 22:42:33,eres grande ,de donde eres ,el juego de beisbol,La amor es la clave del éxito,No me gusta el odio ,Establecer relaciones con mi amigo
21/04/2018 23:13:08,Cocinas muy rico,Que vamos a comer? ,Me gustan los dulces,Acabo de comer torta de chocolate y me siento muy feliz ,No he comido en todo el día y eso me hace sentir molesta ,"No se que comeré mañana,  pero espero comer dulces "
21/04/2018 23:15:57,Eres una persona fantástica,Cómo te sientes está mañana?,Deberías leer más sobre ese tema.cuabdo actuamos,"Cuando actuamos en congruencia con nuestros sentimientos y pensamientos, la satisfacción hacia nosotras mismas se convierte en una caricia a la autoestima.","Vivir a diario frustración y desamparo social genera, poco a poco, que la desesperanza se convierta en un sentimiento natural y caemos en apatía social y política.","La sociedad es el lugar de nuestra realización como seres capaces de ejercer la ciudadanía, de allí que es necesario vque la escuela nos prepare para ese ejercicio. "
21/04/2018 23:25:22,Bonita,Cuando es tu grado?,Vida,Optimista ,Pesimistas,Efímero
21/04/2018 23:27:25,Tu ternura alegra mi existir,Que pasó en tu vida.?,Un amanecer tranquilo ,Con los amigos la vida es hermosa y hay que disfrutarla siempre,El dolor y el desengaño acaban con los buenos sentimientos amorosos,Las avenidas de esta ciudad son angostas obscuras y muy largas 
22/04/2018 0:23:42,Me encanta tu personalidad divertida.,¿Estás en busca de la felicidad?,Todo está en tu mente.,"Cerrar ciclos, soltar o dejar ir para liberarte y volver a vivir. Para viajar liviano y sin tanto peso en el corazón. Cierra tus ojos, respira profundo y deja que la vida fluya; descubre que con el paso del tiempo todo pasa. No todo saldrá bien, pero como siempre... Tu sobrevivirás a todo.","Algún día vas a conocer a alguien que conozca como masticas, como bebes a sorbos, como bailas cuando nadie te ve, como te ves sin peinar, como te emocionan las pequeñas cosas y todas tus manías. ¿Y sabes qué? Te va a dejar.",Nada se va hasta que nos haya enseñado lo que necesitamos saber.
22/04/2018 0:27:08,Buen trabajo,Como va eso,La vaca mariposa tuvo internet,Hoy soy mejor que ayer,No podre hacerlo,Me da igual si vienes
22/04/2018 1:08:48,Tu eres marico,¿Tu eres marico?,You are marico,"Yes, you are very marico",Se nota lo marico que eres,Marico
22/04/2018 3:30:16,"hola, que guapo estas hoy", ¿será qué llueve hoy?,el gato tiene hambre,Cree en ti y todo lo podrás conseguir.,La avaricia y el egoísmo son perjudiciales,Ni blanco ni negro todo es gris
22/04/2018 6:39:44,Eres un Ángel,Cómo estás?,La vida es placentera,Entre las grandes y maravillosas cosas de la vida estás tú,Es imposible establecer una comunicación asertiva con personas personas tan negativas como tú,"Las bases que fortalecen la vida es la paz, el amor y la unión."
22/04/2018 7:23:38,La película es buenísima.,¿Acaso tienes hambre?.,¡Levántate y aplaude! Los artistas se lo merecen.,"¡Estoy en mi mejor momento, he alcanzado todo lo que había soñado! Tengo mi casa ideal, un esposo espectacular, dos hermosos hijos y mi trabajo es sensacional, no parece que estuviera trabajando sino disfrutando.","Mi perrita ayer se perdió y pase todo el día buscándola, nada que aparece. Por favor ayúdame a encontrarla que estoy muy preocupada por ella. ","Ciertos expertos recomiendan el ejercicio para estar saludables y mantenerse en forma, yo recomiendo escuchar el cuerpo y hacer lo que el pida y necesite, puede ser ejercicio o simplemente puede ser acostarse a contemplar las estrellas. Complaces tu ser y estas saludable. "
22/04/2018 15:55:40,eres muy apuesto,recuerdas cuando nos conocimos,me gusta mucho el chocolate,no hay día tan malo que un buen chocolate caliente y un abrazo no puedan arreglar,"no hay agua, no hay luz, no tenemos gas, el salario no alcanza","al salir pasare por la calle dos, cruzando con la av bolivar, antes de cantv"
22/04/2018 16:49:41,eres muy interesante,Donde vives tu,Hoy es un dia lluvioso,Hoy aprobe todos mis examenes con buena calificaciones,No me gusta este día,Estoy indeciso si ir a la biblioteca o estudiar con mi amiga
22/04/2018 16:56:16,Que hermoso esta tu cabello,Que edad tiene tu madre,El almuerzo está listo,Me gusta cuando voy de compras,Odio levantarme temprano para asistir a clases,Este día en particular ha sido el más frió de todos
22/04/2018 17:10:38,Te ves muy guapo,¿Como estas hoy?,¡Que sopa tan rica!,Disfruta cada día al máximo,Tu no puedes hacerlo,"Hoy quisiera salir,  pero esta lloviendo "
22/04/2018 17:27:09,Que linda estas hoy,Que vas a hacer hoy? ,Vamos de paseo,"Que grandioso es estar vivo,  gracias señor por darnos la oportunidad de un nuevo día. ",Me molesta mucho que las personas se sientan con derecho a opinar sobre mi vida,"Por más que intento acostumbrarme a lo metidas que pueden ser las personas,  no lo logro"
22/04/2018 17:47:21,Que intelintegente eres hijo mio,Hola como estas este dia? ,Eres mi orgullo te amo ,En este bello dia te deseo exitos y mycha prosperidad,Hoy te digo que no sirves para nada no vengas,Hoy estamos aqui mañana no sabemos que va a pasar 
22/04/2018 18:01:02,Tu eres una persona espectacularCuá,Cuál es tu nombre?,Me gustan los días lluviosos,"Dios es amor, nos cuida a pesar de las adversidades",Nuestra Venezuela está pasando por muchos problemas en su economía,Yo amo a mis dos hijos por igual con todo el corazón
22/04/2018 18:12:04,Te quiero a mi lado ,En que pais vives,Estoy feliz por mi cumpleaños,"Mi dios GRACIAS por la vida,salud y alimentos",Ya no quiero estar a tu lado,Salimos a comer torta
22/04/2018 18:16:22,Que creativo eres ,quien eres,Dios es amor,Todo lo puedo en Cristo que me fortalece,Soy malo para las matematicas,hoy es el día de la tierra
22/04/2018 18:18:46,Eres muy inteligente ,¿Eres muy grande?,Se siempre el mejor,Supérate a diario,Eres el peor si no te esfuerzas,Eres una persona común y corriente 
22/04/2018 18:22:31,Te estas portando muy bien,¿Que día es tu cumpleaños?,Estoy en la casa trabajando,"Que felicidad este año viajo a Europa, África y América",Que situación tan difícil esta pasando Fabricio y la mamá,"Mañana voy al cine con María, José, Pedro y Karina"
22/04/2018 18:35:09,Bien hecho campeón,Cómo podría mejorar en programación,Tengo bastante hambre hoy,Me siento feliz de haber sacado buenas notas este semestre,Porque no puedo entender nada de lo que me pasa a diario,No tengo forma de predecir muchas cosas que pasan a mi alrededor pero no me preocupa tanto
22/04/2018 18:42:42,Siempre me gusta ver viedos en la Pc,¿te gusta jugar en el Xbox?,genial es hacer vídeos para Youtube ,Siempre estoy Feliz cuando viajo a ver a mi toda mi familia ,No me gusta estar en merida por el motivo que me siento solo casi siempre y no me siento agusto,estudiar para los exámenes es algo que siempre me toca hacer los fines de semana
22/04/2018 18:47:43,linda,quiere,siempre,Salír de maduro,No salir de maduro,Salir a trabajar 
22/04/2018 19:03:34,Es un honor haber venido,¿Estas dispuesto a hacerlo?, ¡Vaya que ha pasado tiempo!,"Nuestra  vida no esta escrita, somos nuestros propios guionistas","Lineas perpendiculares se tocan en un punto, alejadas al infinito ","No olvides quien eres, el mundo no lo hará."
22/04/2018 21:01:13,Te ves bien,Qué fecha es hoy?,hoy es domingo,Eso es bueno,es terrible,entendido
22/04/2018 21:02:03,¡Felicitaciones lo están haciendo bien!,¿Podría participar en su proyecto?,La política del fracaso fracaso,¡Logre subir en un bus sentado a la facultad y llegue a tiempo!,Voces en mi cabeza me dicen que voy a terminar muerto,A veces escucho las noticias en la radio por la mañana 
22/04/2018 23:50:41,te ves lindo,que dia es hoy,mañana tengo mucho que hacer,Todo lo hace Dios confía en el,La semana pasada fue estresante,Hoy viaje con mis padres
23/04/2018 4:47:57,Ella es extraordinaria,¿Te encuentres bien?,La felicidad es el camino,"El dolor es temporal. Rendirte es para siempre.

",Que pedazez ver esa materia con aquel profesor malo,Al menos terminamos a tiempo dicha asignación
23/04/2018 8:28:38,me caes muy bien,cómo vas con la tesis?,tengo mucha hambre,Me siento muy afortunado de tenerte aquí justo a mi lado,Odio a aquellos profesores que creen sabérselas todas y son muy malos dando clases,El día de hoy se puede ir a hacer compras en el supermercado sin hacer mucha cola
23/04/2018 16:08:46,Que buen trabajo hizo. ,Eso debería ser así?,Esto esta mal hecho.,"Todo esto cambiara muy pronto, para bien. ",De seguro les fue mal a todos. ,Ayer me he comprado una empanada. 
23/04/2018 20:38:49,Excelente trabajo de hoy.,¿Hice bien el programa?,Estuvieron bien los ejercicios.,Recuerda dar el máximo cada día de tu vida.,"Quizás no fue lo mejor, pero gracias por tanto.",Concéntrate y haz lo mejor que puedas.
23/04/2018 22:21:22,Que hermosa estás hoy,Qué hora es,Las paredes son blancas,Mi profesora es genial y es una excelente educadora ,"No puedo hacerlo, no confío en mi mismo",Las clases de piano comienza el lunes a las diez de la mañana
23/04/2018 22:25:32,Tu ensalada está buena,Por qué maduro sigue siendo presidente,Tengo dos gatos ,El autobús vendrá pronto y podremos irnos,Es culpa mía que no haya pasado el examen. Todo por no escuchar,El televisor está haciendo  un sonido extraño desde medio día.
24/04/2018 0:00:39,Eres demasiado listo e inteligente,Que fecha es hoy?,El día de hoy es caluroso,"La película estuvo increíble, fue emocionante verla en el cine",El día es muy corto y no me alcanza para hacer todos mis deberes ,La luna particularmente hoy luce más blanca
24/04/2018 0:03:38,"Tu casa es inmensa, me encanta",Cuánto pesas tu? ,El autobús aún no ha llegado,Me encantó el regalo que me obsequiaste para mi cumpleaños,Odio cuando la gente me hace esperar,La materia no se crea ni se destruyen solo se transforma
24/04/2018 20:12:08,Tu eres mi VIDA,Hiciste la tarea?,la noche sigue al día,nos recompensan por tener la respuesta,"somo nuestros actos, somos nuestras consecuencias","Nada es Verdad, todo esta permitido"
25/04/2018 12:50:31,que bonita forma de pensar,a que te refieres?,que tengas lindo dia,"Cada día esta lleno de nuevas oportunidades, así que aprovechalas",Me molesta la forma en como tu respondes mis preguntas ,La montaña es de color verde claro como mis ojos
26/04/2018 16:02:28,eres alguien bastante alegre ,como sabes lo que necesitamos,El amor es la amistad en llamas,"Si está en tu mente, puedes convertirlo en real"," El que teme sufrir, sufre de temor",hay momentos en que puedo ver caer a la lluvia
29/04/2018 10:36:47,Eres muy inteligente,¿Te esfuerzas lo suficiente?,El cielo está despejado,"Cada día que pasa estoy más cerca de cumplir mis metas, de cumplir mis sueños",Ya no soporto tener que escuchar todos tus insultos y humillaciones que me haces cada vez que te veo,Un pajarito un día volaba en cielo azul buscando comida 
29/04/2018 22:27:48,Que bien te ves!!,Cómo estuvo tu día?,Lo mejor esta por llegar.,Nunca es demasiado tarde para hacer lo que ames.,Nunca pensé que en la felicidad hubiera tanta tristeza.,Sigue tus sueños ellos saben el camino.
6/05/2018 22:14:18,upa que bella,Que le pasa mire que lo he visto,venga que quiero compartir con usted,Sigamos dando lo mejor cada dia y que nada nos detenga,que mierda no sirves pero ni para recojer la escoria,que bien me alegro por todos espero que sea asi de igual siempre
17/05/2018 10:02:42,Súmamente brillante,que haces?,Oportunidad de desarrollo,"La intención no es ser feliz, es sentirse afortunado con lo que la vida te ofrece","La mentira no sólo ofende al que la escucha, sino también al que la genera","En el futuro, muchas de las cosas que hoy sólo se imaginan podrán hacerse realidad"
17/05/2018 13:42:35,Me pareces bello,¿Te gusta el café?,De aquí no me voy,Tu eres lo más grande y extraño que me ha sucedido,Alguien puede explicar por qué existe tanta decidía en este país ,Solo de ti depende el camino que tomes A lo largo de tu vida
17/05/2018 13:43:41,Eres una persona agradable,¿Qué quieres hacer hoy?,Me gusta la música ,El amor todo lo puede ,Me molestó con facilidad ,Hoy quiero hacer algo nuevo para mi vida 
17/05/2018 13:56:49,Que gran logro,¿Donde vives?,Que bonita sonrisa,Que feliz me siento por verte cumplir tus metas ,Siento que no lo puedo lograr,La situación en mi pais es controversial 
17/05/2018 14:07:10,Eres la niña mas inteligente,Hola como estás hoy?,Estoy feliz de tenerte cerca,"Tu grandeza e inteligencia te harán llegar muy lejos amor
",Te odio y te desprecio y te pido no vuelvas,No soy quien para criticarte en lo que tu haces
17/05/2018 17:14:34,Mérida ciudad hermosa de Venezuela,¿Cuándo termina el semestre de Ingeniería?,Las calles están muy sucias,Yo amo profundamente a mis hijos porque son lo más maravilloso del mundo,"Los hospitales de Venezuela están caóticos, no tienen insumos para curar los enfermos","El auto que quiero es muy bueno, pero a mi no me gusta la trompa."